1,"Indian Institutes of Information Technology Laws (Amendment) Bill, 2020",HUMAN RESOURCE DEVELOPMENT,04/03/2020,,
2,"The Banking Regulation (Amendment) Bill, 2020.",FINANCE,03/03/2020,,
3,"The Medical Termination of Pregnancy (Amendment) Bill, 2020",HEALTH AND FAMILY WELFARE,02/03/2020,,
4,"The Minerals Laws (Amendment) Bill, 2020",COAL,02/03/2020,06/03/2020,
5,"The Institute of Teaching and Research in Ayurveda Bill, 2020.",HEALTH AND FAMILY WELFARE,10/02/2020,,
6,"The Direct Tax Vivad Se Vishwas Bill, 2020",FINANCE,05/02/2020,04/03/2020,
7,"The Aircraft (Amendment) Bill, 2020",CIVIL AVIATION,04/02/2020,,
8,"The Finance Bill, 2020",FINANCE,01/02/2020,,
9,"The Insolvency and Bankruptcy Code (Second Amendment) Bill, 2019",CORPORATE AFFAIRS,12/12/2019,06/03/2020,
10,"The Central Sanskrit University Bill, 2019",HUMAN RESOURCE DEVELOPMENT,11/12/2019,12/12/2019,
11,"The Personal Data Protection Bill, 2019",LAW AND JUSTICE,11/12/2019,,
12,"The Code on Social Security, 2019",LABOUR AND EMPLOYMENT,11/12/2019,,
13,"The Maintenance & Welfare of Parents & Senior Citizens (Amendment) Bill, 2019",SOCIAL JUSTICE AND EMPOWERMENT,11/12/2019,,
14,"The Constitution (One Hundred Twenty-Sixth Amendment) Bill, 2019.",LAW AND JUSTICE,09/12/2019,10/12/2019,12/12/2019
15,"The Citizenship (Amendment) Bill, 2019",HOME AFFAIRS,09/12/2019,09/12/2019,11/12/2019
16,"The Anti Maritime Piracy Bill, 2019",EXTERNAL AFFAIRS,09/12/2019,,
17,"The Appropriation (No. 3) Bill, 2019",FINANCE,04/12/2019,04/12/2019,12/12/2019
18,"The Arms (Amendment) Bill, 2019",HOME AFFAIRS,29/11/2019,09/12/2019,10/12/2019
19,"The Industrial Relations Code Bill, 2019",LABOUR AND EMPLOYMENT,28/11/2019,,
20,"The National Capital Territory of Delhi (Recognition of Property Rights of Residents in Unauthorised Colonies) Bill, 2019",HOUSING AND URBAN AFFAIRS,26/11/2019,28/11/2019,04/12/2019
21,"The Dadra and Nagar Haveli and Daman and Diu (Merger of Union Territories) Bill, 2019",HOME AFFAIRS,26/11/2019,27/11/2019,03/12/2019
22,"The Taxation Laws (Amendment) Bill, 2019",FINANCE,25/11/2019,02/12/2019,05/12/2019
23,"The International Financial Services Centres Authority Bill, 2019.",FINANCE,25/11/2019,11/12/2019,12/12/2019
24,"The Recycling of Ships Bill, 2019",SHIPPING,25/11/2019,03/12/2019,09/12/2019
25,"The Special Protection Group (Amendment) Bill, 2019",HOME AFFAIRS,25/11/2019,27/11/2019,03/12/2019
26,"The Prohibition of Electronic Cigarettes (Production, Manufacture, Import, Export, Sale, Distribution, Storage and Advertisement) Bill, 2019",HEALTH AND FAMILY WELFARE,22/11/2019,27/11/2019,02/12/2019
27,"The Jammu and Kashmir Reservation (Second Amendment) Bill, 2019",HOME AFFAIRS,05/08/2019,,05/08/2019
28,"The Supreme Court (Number of Judges) Amendment Bill, 2019",LAW AND JUSTICE,05/08/2019,05/08/2019,07/08/2019
29,"The Chit Funds (Amendment) Bill, 2019",FINANCE,05/08/2019,20/11/2019,28/11/2019
30,"The Jammu and Kashmir Reorganisation Bill, 2019.",HOME AFFAIRS,05/08/2019,06/08/2019,05/08/2019
31,"The National Institute of Design (Amendment) Bill, 2019",COMMERCE AND INDUSTRY,30/07/2019,26/11/2019,06/08/2019
32,"The Dam Safety Bill, 2019",JAL SHAKTI,29/07/2019,02/08/2019,
33,"The Companies (Amendment) Bill, 2019",CORPORATE AFFAIRS,25/07/2019,26/07/2019,30/07/2019
34,"The Repealing and Amending Bill, 2019",LAW AND JUSTICE,25/07/2019,29/07/2019,02/08/2019
35,"The Inter-State River Water Disputes (Amendment) Bill, 2019",JAL SHAKTI,25/07/2019,31/07/2019,
36,"The Insolvency and Bankruptcy Code (Amendment) Bill, 2019",CORPORATE AFFAIRS,24/07/2019,01/08/2019,29/07/2019
37,"The Codes on Wages, 2019",LABOUR AND EMPLOYMENT,23/07/2019,30/07/2019,02/08/2019
38,"The Occupational Safety, Health and Working Conditions Code, 2019",LABOUR AND EMPLOYMENT,23/07/2019,,
39,"The National Medical Commission Bill, 2019",HEALTH AND FAMILY WELFARE,22/07/2019,29/07/2019,01/08/2019
40,"The Transgender Persons (Protection of Rights) Bill, 2019",SOCIAL JUSTICE AND EMPOWERMENT,19/07/2019,05/08/2019,26/11/2019
41,"The Banning of Unregulated Deposit Schemes Bill, 2019",FINANCE,19/07/2019,24/07/2019,29/07/2019
42,"The Right to Information (Amendment) Bill, 2019","PERSONNEL,PUBLIC GRIEVANCES AND PENSIONS",19/07/2019,22/07/2019,25/07/2019
43,The Protection of Children from sexual Offences (Amendment) Bill 2019,WOMEN AND CHILD DEVELOPMENT,18/07/2019,01/08/2019,24/07/2019
44,"The Appropriation (No. 2) Bill, 2019",FINANCE,17/07/2019,17/07/2019,23/07/2019
45,"The Motor Vehicles (Amendment) Bill,2019",ROAD TRANSPORT & HIGHWAYS,15/07/2019,23/07/2019,31/07/2019
46,"The Surrogacy (Regulation) Bill, 2019",HEALTH AND FAMILY WELFARE,15/07/2019,05/08/2019,
47,"The Arbitration and Conciliation (Amendment) Bill,2019",LAW AND JUSTICE,15/07/2019,01/08/2019,18/07/2019
48,"The Airports Economic Regulatory Authority of India (Amendment) Bill,2019",CIVIL AVIATION,12/07/2019,02/08/2019,16/07/2019
49,"The DNA Technology (Use and Application) Regulation Bill, 2019",SCIENCE AND TECHNOLOGY,08/07/2019,,
50,"The Unlawful Activities (Prevention) Amendment Bill, 2019",HOME AFFAIRS,08/07/2019,24/07/2019,02/08/2019
51,"The National Investigation Agency (Amendment) Bill, 2019",HOME AFFAIRS,08/07/2019,15/07/2019,17/07/2019
52,"The Protection of Human Rights (Amendment) Bill, 2019",HOME AFFAIRS,08/07/2019,19/07/2019,22/07/2019
53,"The Consumer Protection Bill, 2019","CONSUMER AFFAIRS ,FOOD AND PUBLIC DISTRIBUTION",08/07/2019,30/07/2019,06/08/2019
54,"The Public Premises (Eviction of Unauthorized Occupants) Amendment Bill, 2019",HOUSING AND URBAN AFFAIRS,08/07/2019,31/07/2019,06/08/2019
55,"The Jallianwala Bagh National Memorial (Amendment) Bill, 2019",CULTURE,08/07/2019,02/08/2019,19/11/2019
56,"The Central Universities (Amendment)Bill,2019",HUMAN RESOURCE DEVELOPMENT,08/07/2019,12/07/2019,16/07/2019
57,"The Finance (No. 2) Bill, 2019",FINANCE,05/07/2019,18/07/2019,23/07/2019
58,"The New Delhi International Arbitration centre Blll, 2019",LAW AND JUSTICE,03/07/2019,10/07/2019,18/07/2019
59,"The Central Educational Institutions (Reservation in Teachers Cadre) Bill, 2019",HUMAN RESOURCE DEVELOPMENT,27/06/2019,01/07/2019,03/07/2019
60,"The Indian Medical Council (Amendment) Bill, 2019",HEALTH AND FAMILY WELFARE,27/06/2019,02/07/2019,04/07/2019
61,"The Dentists (Amendment) Bill, 2019",HEALTH AND FAMILY WELFARE,27/06/2019,03/07/2019,08/07/2019
62,"The Jammu and Kashmir Reservation (Amendment) Bill, 2019",HOME AFFAIRS,24/06/2019,28/06/2019,01/07/2019
63,"The Aadhaar and Other Laws (Amendment) Bill, 2019",ELECTRONICS & INFORMATION TECHNOLOGY,24/06/2019,04/07/2019,08/07/2019
64,"The Special Economic Zones (Amendment) Bill, 2019",COMMERCE AND INDUSTRY,24/06/2019,26/06/2019,27/06/2019
65,"The Muslim Women (Protection of Rights on Marriage) Bill, 2019",LAW AND JUSTICE,21/06/2019,25/07/2019,30/07/2019
66,"The Homoeopathy Central Council (Amendment) Bill, 2019",HEALTH AND FAMILY WELFARE,21/06/2019,27/06/2019,02/07/2019
67,"The Constitution (Scheduled Tribes) Order (Amendment) Bill, 2019.",TRIBAL AFFAIRS,09/01/2019,11/02/2020,12/12/2019
